Instance,Config,Decoder,Seed,Cost,Feasible,NumNodes,NumEdges,WarmStart,InitialCost,TotalIterations,LastUpdateIteration,TotalTime,LastUpdateTime,LargestIterationOffset,StalledIterations,PRTime,PRCalls,PRNumHomogenities,PRNumImprovBest,PRNumImprovElite,NumExchanges,NumShakes,NumResets
ad-hoc-net_150_0.6,config_torres.conf,threshold,0,7,yes,150,7302,0,0,100,97,0.41,0.40,29,3,0.00,0,0,0,0,0,0,0
ad-hoc-net_150_0.6,config_torres.conf,threshold,1,7,yes,150,7302,0,0,100,88,0.43,0.38,25,12,0.00,0,0,0,0,0,0,0
ad-hoc-net_150_0.6,config_torres.conf,threshold,2,9,yes,150,7302,0,0,100,68,0.45,0.32,16,32,0.00,0,0,0,0,0,0,0
ad-hoc-net_150_0.6,config_torres.conf,threshold,3,11,yes,150,7302,0,0,100,46,0.40,0.21,5,54,0.00,0,0,0,0,0,0,0
ad-hoc-net_150_0.6,config_torres.conf,threshold,4,6,yes,150,7302,0,0,100,80,0.40,0.33,27,20,0.00,0,0,0,0,0,0,0
ad-hoc-net_150_0.6,config_torres.conf,threshold,5,8,yes,150,7302,0,0,100,66,0.44,0.31,15,34,0.00,0,0,0,0,0,0,0
ad-hoc-net_150_0.6,config_torres.conf,threshold,6,9,yes,150,7302,0,0,100,64,0.41,0.29,9,36,0.00,0,0,0,0,0,0,0
ad-hoc-net_150_0.6,config_torres.conf,threshold,7,6,yes,150,7302,0,0,100,61,0.44,0.29,11,39,0.00,0,0,0,0,0,0,0
ad-hoc-net_150_0.6,config_torres.conf,threshold,8,9,yes,150,7302,0,0,100,59,0.42,0.27,18,41,0.00,0,0,0,0,0,0,0
ad-hoc-net_150_0.6,config_torres.conf,threshold,9,6,yes,150,7302,0,0,100,58,0.42,0.26,11,42,0.00,0,0,0,0,0,0,0
ad-hoc-net_150_0.6,config_torres.conf,threshold,10,6,yes,150,7302,0,0,100,41,0.42,0.21,3,59,0.00,0,0,0,0,0,0,0
ad-hoc-net_150_0.6,config_torres.conf,threshold,11,7,yes,150,7302,0,0,100,46,0.44,0.23,9,54,0.00,0,0,0,0,0,0,0
ad-hoc-net_150_0.6,config_torres.conf,threshold,12,8,yes,150,7302,0,0,100,83,0.44,0.37,25,17,0.00,0,0,0,0,0,0,0
ad-hoc-net_150_0.6,config_torres.conf,threshold,13,9,yes,150,7302,0,0,100,71,0.41,0.31,21,29,0.00,0,0,0,0,0,0,0
ad-hoc-net_150_0.6,config_torres.conf,threshold,14,6,yes,150,7302,0,0,100,91,0.43,0.40,48,9,0.00,0,0,0,0,0,0,0
ad-hoc-net_150_0.6,config_torres.conf,threshold,15,7,yes,150,7302,0,0,100,46,0.44,0.23,5,54,0.00,0,0,0,0,0,0,0
ad-hoc-net_150_0.6,config_torres.conf,threshold,16,9,yes,150,7302,0,0,100,85,0.44,0.38,22,15,0.00,0,0,0,0,0,0,0
ad-hoc-net_150_0.6,config_torres.conf,threshold,17,6,yes,150,7302,0,0,100,69,0.40,0.29,33,31,0.00,0,0,0,0,0,0,0
ad-hoc-net_150_0.6,config_torres.conf,threshold,18,9,yes,150,7302,0,0,100,83,0.42,0.36,36,17,0.00,0,0,0,0,0,0,0
ad-hoc-net_150_0.6,config_torres.conf,threshold,19,11,yes,150,7302,0,0,100,67,0.43,0.30,14,33,0.00,0,0,0,0,0,0,0
ad-hoc-net_150_0.6,config_torres.conf,permutation,0,6,yes,150,7302,0,0,100,1,0.17,0.00,1,99,0.00,0,0,0,0,0,0,0
ad-hoc-net_150_0.6,config_torres.conf,permutation,1,6,yes,150,7302,0,0,100,1,0.17,0.00,1,99,0.00,0,0,0,0,0,0,0
ad-hoc-net_150_0.6,config_torres.conf,permutation,2,6,yes,150,7302,0,0,100,1,0.17,0.00,1,99,0.00,0,0,0,0,0,0,0
ad-hoc-net_150_0.6,config_torres.conf,permutation,3,6,yes,150,7302,0,0,100,1,0.17,0.00,1,99,0.00,0,0,0,0,0,0,0
ad-hoc-net_150_0.6,config_torres.conf,permutation,4,6,yes,150,7302,0,0,100,1,0.17,0.00,1,99,0.00,0,0,0,0,0,0,0
ad-hoc-net_150_0.6,config_torres.conf,permutation,5,6,yes,150,7302,0,0,100,1,0.17,0.00,1,99,0.00,0,0,0,0,0,0,0
ad-hoc-net_150_0.6,config_torres.conf,permutation,6,6,yes,150,7302,0,0,100,1,0.17,0.00,1,99,0.00,0,0,0,0,0,0,0
ad-hoc-net_150_0.6,config_torres.conf,permutation,7,6,yes,150,7302,0,0,100,1,0.17,0.00,1,99,0.00,0,0,0,0,0,0,0
ad-hoc-net_150_0.6,config_torres.conf,permutation,8,6,yes,150,7302,0,0,100,1,0.17,0.00,1,99,0.00,0,0,0,0,0,0,0
ad-hoc-net_150_0.6,config_torres.conf,permutation,9,6,yes,150,7302,0,0,100,1,0.17,0.00,1,99,0.00,0,0,0,0,0,0,0
ad-hoc-net_150_0.6,config_torres.conf,permutation,10,6,yes,150,7302,0,0,100,1,0.18,0.00,1,99,0.00,0,0,0,0,0,0,0
ad-hoc-net_150_0.6,config_torres.conf,permutation,11,6,yes,150,7302,0,0,100,1,0.17,0.00,1,99,0.00,0,0,0,0,0,0,0
ad-hoc-net_150_0.6,config_torres.conf,permutation,12,6,yes,150,7302,0,0,100,1,0.17,0.00,1,99,0.00,0,0,0,0,0,0,0
ad-hoc-net_150_0.6,config_torres.conf,permutation,13,6,yes,150,7302,0,0,100,1,0.17,0.00,1,99,0.00,0,0,0,0,0,0,0
ad-hoc-net_150_0.6,config_torres.conf,permutation,14,6,yes,150,7302,0,0,100,1,0.17,0.00,1,99,0.00,0,0,0,0,0,0,0
ad-hoc-net_150_0.6,config_torres.conf,permutation,15,6,yes,150,7302,0,0,100,1,0.18,0.00,1,99,0.00,0,0,0,0,0,0,0
ad-hoc-net_150_0.6,config_torres.conf,permutation,16,6,yes,150,7302,0,0,100,1,0.17,0.00,1,99,0.00,0,0,0,0,0,0,0
ad-hoc-net_150_0.6,config_torres.conf,permutation,17,6,yes,150,7302,0,0,100,1,0.17,0.00,1,99,0.00,0,0,0,0,0,0,0
ad-hoc-net_150_0.6,config_torres.conf,permutation,18,6,yes,150,7302,0,0,100,1,0.17,0.00,1,99,0.00,0,0,0,0,0,0,0
ad-hoc-net_150_0.6,config_torres.conf,permutation,19,6,yes,150,7302,0,0,100,1,0.17,0.00,1,99,0.00,0,0,0,0,0,0,0
add20,config_torres.conf,threshold,0,1986,yes,2395,7462,0,0,100,100,2.02,2.02,2,0,0.00,0,0,0,0,0,0,0
add20,config_torres.conf,threshold,1,2028,yes,2395,7462,0,0,100,100,1.98,1.98,2,0,0.00,0,0,0,0,0,0,0
add20,config_torres.conf,threshold,2,2006,yes,2395,7462,0,0,100,100,2.03,2.03,2,0,0.00,0,0,0,0,0,0,0
add20,config_torres.conf,threshold,3,1967,yes,2395,7462,0,0,100,100,2.03,2.03,2,0,0.00,0,0,0,0,0,0,0
add20,config_torres.conf,threshold,4,2025,yes,2395,7462,0,0,100,100,2.05,2.05,2,0,0.00,0,0,0,0,0,0,0
add20,config_torres.conf,threshold,5,1996,yes,2395,7462,0,0,100,100,2.12,2.12,2,0,0.00,0,0,0,0,0,0,0
add20,config_torres.conf,threshold,6,1982,yes,2395,7462,0,0,100,100,2.12,2.12,2,0,0.00,0,0,0,0,0,0,0
add20,config_torres.conf,threshold,7,1991,yes,2395,7462,0,0,100,100,2.12,2.12,2,0,0.00,0,0,0,0,0,0,0
add20,config_torres.conf,threshold,8,2053,yes,2395,7462,0,0,100,100,1.96,1.96,2,0,0.00,0,0,0,0,0,0,0
add20,config_torres.conf,threshold,9,2042,yes,2395,7462,0,0,100,99,1.99,1.97,3,1,0.00,0,0,0,0,0,0,0
add20,config_torres.conf,threshold,10,2030,yes,2395,7462,0,0,100,100,2.06,2.06,2,0,0.00,0,0,0,0,0,0,0
add20,config_torres.conf,threshold,11,1942,yes,2395,7462,0,0,100,100,2.16,2.16,2,0,0.00,0,0,0,0,0,0,0
add20,config_torres.conf,threshold,12,1985,yes,2395,7462,0,0,100,99,2.10,2.08,2,1,0.00,0,0,0,0,0,0,0
add20,config_torres.conf,threshold,13,1979,yes,2395,7462,0,0,100,100,2.06,2.06,2,0,0.00,0,0,0,0,0,0,0
add20,config_torres.conf,threshold,14,2102,yes,2395,7462,0,0,100,100,2.00,2.00,2,0,0.00,0,0,0,0,0,0,0
add20,config_torres.conf,threshold,15,2066,yes,2395,7462,0,0,100,100,2.03,2.03,2,0,0.00,0,0,0,0,0,0,0
add20,config_torres.conf,threshold,16,1972,yes,2395,7462,0,0,100,100,2.13,2.13,3,0,0.00,0,0,0,0,0,0,0
add20,config_torres.conf,threshold,17,1969,yes,2395,7462,0,0,100,100,2.14,2.14,3,0,0.00,0,0,0,0,0,0,0
add20,config_torres.conf,threshold,18,2051,yes,2395,7462,0,0,100,99,2.02,2.01,2,1,0.00,0,0,0,0,0,0,0
add20,config_torres.conf,threshold,19,2025,yes,2395,7462,0,0,100,100,2.06,2.06,2,0,0.00,0,0,0,0,0,0,0
add20,config_torres.conf,permutation,0,1648,yes,2395,7462,0,0,100,89,3.69,3.30,12,11,0.00,0,0,0,0,0,0,0
add20,config_torres.conf,permutation,1,1622,yes,2395,7462,0,0,100,100,3.76,3.76,20,0,0.00,0,0,0,0,0,0,0
add20,config_torres.conf,permutation,2,1621,yes,2395,7462,0,0,100,96,3.75,3.60,12,4,0.00,0,0,0,0,0,0,0
add20,config_torres.conf,permutation,3,1627,yes,2395,7462,0,0,100,94,3.73,3.51,12,6,0.00,0,0,0,0,0,0,0
add20,config_torres.conf,permutation,4,1641,yes,2395,7462,0,0,100,93,3.68,3.42,12,7,0.00,0,0,0,0,0,0,0
add20,config_torres.conf,permutation,5,1619,yes,2395,7462,0,0,100,85,3.67,3.12,14,15,0.00,0,0,0,0,0,0,0
add20,config_torres.conf,permutation,6,1625,yes,2395,7462,0,0,100,90,3.70,3.34,11,10,0.00,0,0,0,0,0,0,0
add20,config_torres.conf,permutation,7,1641,yes,2395,7462,0,0,100,100,3.68,3.68,12,0,0.00,0,0,0,0,0,0,0
add20,config_torres.conf,permutation,8,1638,yes,2395,7462,0,0,100,87,3.65,3.17,9,13,0.00,0,0,0,0,0,0,0
add20,config_torres.conf,permutation,9,1662,yes,2395,7462,0,0,100,99,3.65,3.62,17,1,0.00,0,0,0,0,0,0,0
add20,config_torres.conf,permutation,10,1618,yes,2395,7462,0,0,100,100,3.67,3.67,18,0,0.00,0,0,0,0,0,0,0
add20,config_torres.conf,permutation,11,1622,yes,2395,7462,0,0,100,96,3.65,3.51,11,4,0.00,0,0,0,0,0,0,0
add20,config_torres.conf,permutation,12,1637,yes,2395,7462,0,0,100,96,3.62,3.48,5,4,0.00,0,0,0,0,0,0,0
add20,config_torres.conf,permutation,13,1631,yes,2395,7462,0,0,100,97,3.68,3.57,8,3,0.00,0,0,0,0,0,0,0
add20,config_torres.conf,permutation,14,1616,yes,2395,7462,0,0,100,88,3.65,3.22,11,12,0.00,0,0,0,0,0,0,0
add20,config_torres.conf,permutation,15,1648,yes,2395,7462,0,0,100,91,3.63,3.31,8,9,0.00,0,0,0,0,0,0,0
add20,config_torres.conf,permutation,16,1637,yes,2395,7462,0,0,100,91,3.67,3.35,7,9,0.00,0,0,0,0,0,0,0
add20,config_torres.conf,permutation,17,1610,yes,2395,7462,0,0,100,85,3.68,3.14,11,15,0.00,0,0,0,0,0,0,0
add20,config_torres.conf,permutation,18,1621,yes,2395,7462,0,0,100,85,3.66,3.11,6,15,0.00,0,0,0,0,0,0,0
add20,config_torres.conf,permutation,19,1658,yes,2395,7462,0,0,100,98,3.69,3.61,13,2,0.00,0,0,0,0,0,0,0
add20,config_full.conf,threshold,0,1667,yes,2395,7462,0,0,300,299,14.62,14.58,3,1,0.00,0,0,0,0,0,0,0
add20,config_full.conf,threshold,1,1704,yes,2395,7462,0,0,300,298,14.64,14.55,4,2,0.00,0,0,0,0,0,0,0
add20,config_full.conf,threshold,2,1707,yes,2395,7462,0,0,300,300,15.21,15.21,3,0,0.00,0,0,0,0,0,0,0
add20,config_full.conf,threshold,3,1719,yes,2395,7462,0,0,300,300,15.06,15.06,4,0,0.00,0,0,0,0,0,0,0
add20,config_full.conf,threshold,4,1688,yes,2395,7462,0,0,300,297,14.76,14.63,4,3,0.00,0,0,0,0,0,0,0
add20,config_full.conf,threshold,5,1671,yes,2395,7462,0,0,300,300,15.05,15.05,3,0,0.00,0,0,0,0,0,0,0
add20,config_full.conf,threshold,6,1702,yes,2395,7462,0,0,300,300,15.00,15.00,3,0,0.00,0,0,0,0,0,0,0
add20,config_full.conf,threshold,7,1720,yes,2395,7462,0,0,300,299,15.22,15.17,3,1,0.00,0,0,0,0,0,0,0
add20,config_full.conf,threshold,8,1686,yes,2395,7462,0,0,300,299,14.87,14.83,4,1,0.00,0,0,0,0,0,0,0
add20,config_full.conf,threshold,9,1660,yes,2395,7462,0,0,300,299,14.94,14.89,4,1,0.00,0,0,0,0,0,0,0
add20,config_full.conf,threshold,10,1687,yes,2395,7462,0,0,300,300,14.94,14.94,3,0,0.00,0,0,0,0,0,0,0
add20,config_full.conf,threshold,11,1681,yes,2395,7462,0,0,300,299,14.86,14.82,5,1,0.00,0,0,0,0,0,0,0
add20,config_full.conf,threshold,12,1668,yes,2395,7462,0,0,300,299,14.78,14.74,4,1,0.00,0,0,0,0,0,0,0
add20,config_full.conf,threshold,13,1747,yes,2395,7462,0,0,300,300,15.01,15.01,3,0,0.00,0,0,0,0,0,0,0
add20,config_full.conf,threshold,14,1649,yes,2395,7462,0,0,300,299,14.97,14.93,3,1,0.00,0,0,0,0,0,0,0
add20,config_full.conf,threshold,15,1655,yes,2395,7462,0,0,300,300,14.65,14.65,4,0,0.00,0,0,0,0,0,0,0
add20,config_full.conf,threshold,16,1680,yes,2395,7462,0,0,300,299,14.83,14.79,4,1,0.00,0,0,0,0,0,0,0
add20,config_full.conf,threshold,17,1696,yes,2395,7462,0,0,300,300,14.90,14.90,9,0,0.00,0,0,0,0,0,0,0
add20,config_full.conf,threshold,18,1706,yes,2395,7462,0,0,300,300,14.71,14.71,3,0,0.00,0,0,0,0,0,0,0
add20,config_full.conf,threshold,19,1701,yes,2395,7462,0,0,300,300,14.76,14.76,4,0,0.00,0,0,0,0,0,0,0
add20,config_full.conf,permutation,0,1611,yes,2395,7462,0,0,300,279,32.73,30.45,64,21,0.00,0,0,0,0,2,0,0
add20,config_full.conf,permutation,1,1602,yes,2395,7462,0,0,300,290,32.38,31.29,47,10,0.00,0,0,0,0,0,0,0
add20,config_full.conf,permutation,2,1604,yes,2395,7462,0,0,300,299,33.16,33.05,112,1,0.08,1,0,0,0,2,0,0
add20,config_full.conf,permutation,3,1595,yes,2395,7462,0,0,300,289,32.75,31.55,62,11,0.00,0,0,0,0,1,0,0
add20,config_full.conf,permutation,4,1604,yes,2395,7462,0,0,300,240,32.70,26.27,37,60,0.00,0,0,0,0,1,0,0
add20,config_full.conf,permutation,5,1573,yes,2395,7462,0,0,300,265,32.74,28.90,67,35,0.00,0,0,0,0,1,0,0
add20,config_full.conf,permutation,6,1607,yes,2395,7462,0,0,300,251,34.41,29.01,73,49,0.00,0,0,0,0,1,0,0
add20,config_full.conf,permutation,7,1607,yes,2395,7462,0,0,300,221,33.08,24.53,40,79,0.00,0,0,0,0,1,0,0
add20,config_full.conf,permutation,8,1604,yes,2395,7462,0,0,300,284,32.84,31.13,35,16,0.00,0,0,0,0,0,0,0
add20,config_full.conf,permutation,9,1600,yes,2395,7462,0,0,300,293,32.78,32.02,79,7,0.00,0,0,0,0,1,0,0
add20,config_full.conf,permutation,10,1599,yes,2395,7462,0,0,300,256,32.69,27.89,65,44,0.00,0,0,0,0,1,0,0
add20,config_full.conf,permutation,11,1604,yes,2395,7462,0,0,300,293,32.68,31.92,55,7,0.00,0,0,0,0,1,0,0
add20,config_full.conf,permutation,12,1599,yes,2395,7462,0,0,300,196,33.57,21.99,26,104,0.17,1,0,0,0,2,0,0
add20,config_full.conf,permutation,13,1597,yes,2395,7462,0,0,300,300,32.56,32.56,89,0,0.00,0,0,0,0,1,0,0
add20,config_full.conf,permutation,14,1601,yes,2395,7462,0,0,300,289,32.45,31.26,55,11,0.00,0,0,0,0,1,0,0
add20,config_full.conf,permutation,15,1591,yes,2395,7462,0,0,300,251,32.57,27.21,69,49,0.00,0,0,0,0,1,0,0
add20,config_full.conf,permutation,16,1593,yes,2395,7462,0,0,300,281,33.33,31.25,66,19,0.00,0,0,0,0,2,0,0
add20,config_full.conf,permutation,17,1597,yes,2395,7462,0,0,300,298,32.86,32.65,53,2,0.00,0,0,0,0,1,0,0
add20,config_full.conf,permutation,18,1606,yes,2395,7462,0,0,300,279,32.60,30.34,77,21,0.00,0,0,0,0,1,0,0
add20,config_full.conf,permutation,19,1589,yes,2395,7462,0,0,300,250,32.71,27.31,43,50,0.00,0,0,0,0,0,0,0
